{
    "loss": 22.882707595825195,
    "accuracy": 0.8151753544807434
}