{
    "loss": 1.206624984741211,
    "accuracy": 0.8859695792198181
}